CREATE DATABASE OAT_LAB

CREATE TABLE DEPOSIT(
ACTNO INT,
CNAME VARCHAR(50),
BNAME VARCHAR(50),
AMOUNT DECIMAL(8,2),
ADATE DATETIME
);

INSERT INTO DEPOSIT VALUES(101,'ANIL','VRCE',1000,'1995-03-1')
INSERT INTO DEPOSIT VALUES(102,'SUNIL','AJNI',5000,'1996-01-4')
INSERT INTO DEPOSIT VALUES(103,'MEHUL','KAROLBAGH',3500,'1995-11-17')
INSERT INTO DEPOSIT VALUES(104,'MADHURI','CHANDI',1200,'1995-12-17')
INSERT INTO DEPOSIT VALUES(105,'PRAMOD','M.G.ROAD',3000,'1996-03-27')
INSERT INTO DEPOSIT VALUES(106,'SANDIP','ANDHERI',2000,'1996-03-31')
INSERT INTO DEPOSIT VALUES(107,'SHIVANI','VIRAR',1000,'1995-09-5')
INSERT INTO DEPOSIT VALUES(108,'KRANTI','NEHRU',5000,'1995-07-2')
INSERT INTO DEPOSIT VALUES(109,'MINU','POWAI',7000,'1995-08-10')

SELECT * FROM DEPOSIT


CREATE TABLE BRANCH(
BNAME VARCHAR(50),
CITY VARCHAR(50)
);

INSERT INTO BRANCH VALUES('VRCE','NAGPUR')
INSERT INTO BRANCH VALUES('AJNI','NAGPUR')
INSERT INTO BRANCH VALUES('KAROLBAGH','DEHLI')
INSERT INTO BRANCH VALUES('CHANDI','DEHLI')
INSERT INTO BRANCH VALUES('DHARAMPETH','NAGPUR')
INSERT INTO BRANCH VALUES('M.G.ROAD','BANGLORE')
INSERT INTO BRANCH VALUES('ANDHREI','BOMBAY')
INSERT INTO BRANCH VALUES('VIRAR','BOMBAY')
INSERT INTO BRANCH VALUES('NEHRU PLACE','DEHLI')
INSERT INTO BRANCH VALUES('POWAI','BOMBAY')

SELECT * FROM BRANCH


CREATE TABLE CUSTOMER(
CNAME VARCHAR(50),
CITY VARCHAR(50)
);

 INSERT INTO CUSTOMER VALUES('ANIL','CALCUTTA')
 INSERT INTO CUSTOMER VALUES('SUNIL','DEHLI')
 INSERT INTO CUSTOMER VALUES('MEHUL','BARODA')
 INSERT INTO CUSTOMER VALUES('MANDAR','PATNA')
 INSERT INTO CUSTOMER VALUES('MADHURI','NAGPUR')
 INSERT INTO CUSTOMER VALUES('PRAMOD','NAGPUR')
 INSERT INTO CUSTOMER VALUES('SANDIP','SURAT')
 INSERT INTO CUSTOMER VALUES('SHIVANI','BOMBAY')
 INSERT INTO CUSTOMER VALUES('KRANTI','BOMBAY')
 INSERT INTO CUSTOMER VALUES('NAREN','BOMBAY')

 SELECT * FROM CUSTMER


 CREATE TABLE BORROW(
 LOANNO INT,
 CNAME VARCHAR(50),
 BNAME VARCHAR(50),
 AMOUNT DECIMAL(8,2)
 );

 INSERT INTO BORROW VALUES(201,'ANIL','VRCE',1000)
 INSERT INTO BORROW VALUES(206,'MEHUL','AJNI',5000)
 INSERT INTO BORROW VALUES(311,'SUNIL','DHARAMPETH',3000)
 INSERT INTO BORROW VALUES(321,'MADHURI','ANDHERI',2000)
 INSERT INTO BORROW VALUES(375,'PRAMOD','VIRAR',8000)
 INSERT INTO BORROW VALUES(481,'KRANTI','NEHRU PLACE',3000)

 SELECT * FROM BORROW